Time,Real Position
85.01783,2.112246 1.3659 -3.735463
177.0291,2.816767 0.9297015 -2.993639
268.0408,4.359696 0.3090898 -1.746497
358.0634,5.653199 -0.2972233 -0.1732364
448.0861,6.756544 -0.6253302 1.696311
538.1069,4.827758 1.6337 -0.1107545
630.128,2.228543 2.815637 -3.046661
719.1393,1.9185 2.823689 -3.35631
806.1509,1.807029 2.802678 -3.47393
895.1657,1.808726 2.807676 -3.466668
984.1852,1.800895 2.454991 -3.119735
1075.199,2.728004 1.398915 -1.725548
1164.212,2.738928 1.756517 -1.999989
1254.231,1.799571 2.005158 -3.540096
1344.242,1.811229 1.693034 -3.523656
1434.254,2.874402 0.4021049 -2.59129
1524.274,3.568586 0.8148226 -2.82641
1611.296,3.290064 1.249119 -4.025085
1702.318,3.267405 1.017262 -3.696934
1788.331,4.005686 3.218651E-06 -2.145133
1881.349,3.32215 1.41515 -2.165377
1973.37,1.839716 2.629162 -3.347112
2058.385,1.793806 2.594905 -3.007685
2147.404,3.14791 2.064698 -1.742651
2239.427,3.471534 1.369723 -1.049264
2329.446,2.771891 1.500649 -2.536636
2419.472,2.007167 1.651934 -4.022498
2510.495,1.69796 1.739684 -4.582913
2600.515,1.893699 1.179104 -3.545456
2691.537,2.920647 1.139851 -2.504312
2782.548,2.713875 2.043671 -3.550077
2869.571,2.145401 1.922 -3.596594
2962.592,1.797985 1.794947 -3.814268
3052.607,2.408617 0.9850211 -2.555843
3140.624,3.240319 0.3702477 -1.152686
3230.638,4.080891 1.26412 -0.349998
3317.661,3.014997 2.942183 -2.402267
3404.679,2.842784 2.867017 -2.311766
3493.7,3.845642 2.149038 -1.330732
3582.721,3.280262 1.402624 -2.68518
3671.735,2.670996 1.187612 -4.090498
3762.756,2.676785 0.7264997 -3.188111
3852.775,2.688882 1.534541 -3.550148
Time,Real Rotation
85.01783,23.28479 265.9096 349.8705
177.0291,358.3895 202.9207 5.725243
268.0408,5.942544 212.5807 4.256077
358.0634,15.44248 221.3675 355.1123
448.0861,350.8661 215.6402 355.1355
538.1069,359.2813 224.3864 356.9638
630.128,2.998097 223.699 359.8814
719.1393,14.64681 221.9103 3.331683
806.1509,14.4921 219.4576 4.014044
895.1657,12.21687 219.0675 4.502871
984.1852,4.305295 205.097 4.901973
1075.199,355.7745 200.7052 6.385498
1164.212,2.584126 212.96 3.74365
1254.231,6.070945 219.1014 2.585255
1344.242,9.656964 211.2836 5.055639
1434.254,358.808 211.4454 2.438088
1524.274,359.7654 209.7793 4.601216
1611.296,17.07427 235.7352 1.021246
1702.318,1.716094 224.6043 0.2356117
1788.331,342.6364 219.0982 352.8807
1881.349,349.1019 227.9175 352.6864
1973.37,3.084258 227.4492 356.0162
2058.385,1.360818 223.2071 1.147821
2147.404,357.0771 198.9581 5.974096
2239.427,4.98676 211.3003 3.182763
2329.446,5.086219 216.9099 3.095682
2419.472,4.110259 217.6746 3.566265
2510.495,3.651251 222.575 2.283677
2600.515,332.0605 198.7131 3.423563
2691.537,336.5941 201.3867 3.76099
2782.548,19.48341 227.2085 1.888881
2869.571,13.00301 227.0508 0.6053626
2962.592,7.549493 220.9885 1.713561
3052.607,347.0406 199.5036 2.88585
3140.624,341.8053 215.4471 0.232615
3230.638,349.2077 209.6358 2.37645
3317.661,4.150829 230.5412 3.372585
3404.679,7.362638 208.8335 5.964556
3493.7,23.06767 207.0266 10.11576
3582.721,18.73646 211.7882 4.700873
3671.735,11.5142 218.1221 4.40787
3762.756,318.0607 206.9366 354.8275
3852.775,3.154201 206.603 4.467857
Time,Real Velocity
85.01783,-0.04015803 0.06871605 -0.1000791
177.0291,0.7045209 -0.4361983 0.7418234
268.0408,1.542929 -0.6206117 1.247142
358.0634,1.293503 -0.6063132 1.573261
448.0861,1.103344 -0.3281069 1.869547
538.1069,-1.928786 2.25903 -1.807065
630.128,-2.599215 1.181937 -2.935906
719.1393,-0.3100435 0.008052349 -0.3096497
806.1509,-0.1114713 -0.02101135 -0.11762
895.1657,0.001697659 0.004998446 0.007261992
984.1852,-0.007830858 -0.352685 0.3469338
1075.199,0.9271091 -1.056076 1.394187
1164.212,0.01092339 0.3576022 -0.2744415
1254.231,-0.939357 0.2486409 -1.540107
1344.242,0.01165819 -0.312124 0.01644015
1434.254,1.063173 -1.290929 0.9323659
1524.274,0.6941843 0.4127178 -0.2351203
1611.296,-0.2785215 0.4342961 -1.198675
1702.318,-0.02265906 -0.2318569 0.3281519
1788.331,0.7382805 -1.017259 1.5518
1881.349,-0.6835356 1.415147 -0.02024317
1973.37,-1.482434 1.214012 -1.181735
2058.385,-0.04591012 -0.03425741 0.339427
2147.404,1.354104 -0.5302074 1.265033
2239.427,0.3236246 -0.6949744 0.693387
2329.446,-0.6996429 0.1309263 -1.487371
2419.472,-0.764724 0.1512846 -1.485862
2510.495,-0.3092077 0.0877502 -0.5604148
2600.515,0.1957395 -0.5605801 1.037457
2691.537,1.026948 -0.03925276 1.041145
2782.548,-0.2067723 0.9038194 -1.045765
2869.571,-0.5684741 -0.1216704 -0.0465169
2962.592,-0.347416 -0.1270535 -0.2176743
3052.607,0.6106321 -0.8099257 1.258425
3140.624,0.8317025 -0.6147733 1.403157
3230.638,0.8405712 0.893872 0.8026884
3317.661,-1.065893 1.678064 -2.052269
3404.679,-0.1722131 -0.07516646 0.09050107
3493.7,1.002858 -0.7179792 0.9810338
3582.721,-0.5653803 -0.7464138 -1.354447
3671.735,-0.6092656 -0.2150117 -1.405318
3762.756,0.00578928 -0.4611126 0.9023874
3852.775,0.01209688 0.8080412 -0.3620377
Time,Real Angular Velocity
85.01783,-17.77847 -56.96423 344.9419
177.0291,335.1047 -62.98889 -344.1452
268.0408,-352.447 9.659958 -1.469166
358.0634,9.49994 8.786835 350.8562
448.0861,335.4236 -5.727295 0.02325439
538.1069,8.415253 8.746185 1.828308
630.128,-356.2832 -0.6874237 2.917572
719.1393,11.64871 -1.788696 -356.5497
806.1509,-0.1547136 -2.452637 0.6823611
895.1657,-2.275224 -0.3901367 0.4888268
984.1852,-7.911579 -13.97052 0.3991027
1075.199,351.4692 -4.3918 1.483525
1164.212,-353.1904 12.25478 -2.641848
1254.231,3.486819 6.141418 -1.158395
1344.242,3.58602 -7.817734 2.470384
1434.254,349.1511 0.1617126 -2.617551
1524.274,0.9573669 -1.666031 2.163128
1611.296,-342.6911 25.95584 -3.57997
1702.318,-15.35818 -11.13087 -0.7856345
1788.331,340.9203 -5.506119 352.6451
1881.349,6.465515 8.819321 -0.1943359
1973.37,-346.0176 -0.4682922 3.329834
2058.385,-1.723441 -4.242142 -354.8684
2147.404,355.7162 -24.24896 4.826274
2239.427,-352.0903 12.34216 -2.791332
2329.446,0.09945917 5.609619 -0.08708167
2419.472,-0.9759607 0.7647247 0.4705834
2510.495,-0.4590075 4.900345 -1.282588
2600.515,328.4093 -23.86186 1.139885
2691.537,4.533569 2.673599 0.3374274
2782.548,-317.1107 25.82185 -1.872109
2869.571,-6.4804 -0.1577301 -1.283518
2962.592,-5.453521 -6.062332 1.108198
3052.607,339.4911 -21.48492 1.172289
3140.624,-5.235229 15.94353 -2.653235
3230.638,7.402374 -5.811279 2.143835
3317.661,-345.0569 20.90541 0.9961348
3404.679,3.211809 -21.7077 2.591971
3493.7,15.70504 -1.806885 4.151206
3582.721,-4.331213 4.761566 -5.414889
3671.735,-7.222261 6.333954 -0.2930026
3762.756,306.5465 -11.18552 350.4196
3852.775,-314.9065 -0.3336792 -350.3596
Time,Simulated Movement
85.01783,-17.77847 -56.96423 344.9419
177.0291,335.1047 -62.98889 -344.1452
268.0408,-352.447 9.659958 -1.469166
358.0634,9.49994 8.786835 350.8562
448.0861,335.4236 -5.727295 0.02325439
538.1069,8.415253 8.746185 1.828308
630.128,-356.2832 -0.6874237 2.917572
719.1393,11.64871 -1.788696 -356.5497
806.1509,-0.1547136 -2.452637 0.6823611
895.1657,-2.275224 -0.3901367 0.4888268
984.1852,-7.911579 -13.97052 0.3991027
1075.199,351.4692 -4.3918 1.483525
1164.212,-353.1904 12.25478 -2.641848
1254.231,3.486819 6.141418 -1.158395
1344.242,3.58602 -7.817734 2.470384
1434.254,349.1511 0.1617126 -2.617551
1524.274,0.9573669 -1.666031 2.163128
1611.296,-342.6911 25.95584 -3.57997
1702.318,-15.35818 -11.13087 -0.7856345
1788.331,340.9203 -5.506119 352.6451
1881.349,6.465515 8.819321 -0.1943359
1973.37,-346.0176 -0.4682922 3.329834
2058.385,-1.723441 -4.242142 -354.8684
2147.404,355.7162 -24.24896 4.826274
2239.427,-352.0903 12.34216 -2.791332
2329.446,0.09945917 5.609619 -0.08708167
2419.472,-0.9759607 0.7647247 0.4705834
2510.495,-0.4590075 4.900345 -1.282588
2600.515,328.4093 -23.86186 1.139885
2691.537,4.533569 2.673599 0.3374274
2782.548,-317.1107 25.82185 -1.872109
2869.571,-6.4804 -0.1577301 -1.283518
2962.592,-5.453521 -6.062332 1.108198
3052.607,339.4911 -21.48492 1.172289
3140.624,-5.235229 15.94353 -2.653235
3230.638,7.402374 -5.811279 2.143835
3317.661,-345.0569 20.90541 0.9961348
3404.679,3.211809 -21.7077 2.591971
3493.7,15.70504 -1.806885 4.151206
3582.721,-4.331213 4.761566 -5.414889
3671.735,-7.222261 6.333954 -0.2930026
3762.756,306.5465 -11.18552 350.4196
3852.775,-314.9065 -0.3336792 -350.3596
Time,Simulated Velocity
85.01783,0 0 0
177.0291,0.5440974 -0.5058774 0.842231
268.0408,1.565788 -0.6067866 1.250327
358.0634,1.329006 -0.5864315 1.567858
448.0861,1.067221 -0.3738329 1.85936
538.1069,-1.958966 2.273418 -1.738708
630.128,-2.597148 1.188092 -2.928519
719.1393,-0.2948568 0.03074884 -0.2893364
806.1509,-0.1184801 -0.0207088 -0.117245
895.1657,0 0 0
984.1852,-0.02818513 -0.3680151 0.3205106
1075.199,0.9070053 -1.070441 1.388886
1164.212,0.03958249 0.36738 -0.2527246
1254.231,-0.9275513 0.2553523 -1.547706
1344.242,0.004674196 -0.3061363 0.01234531
1434.254,1.057225 -1.309907 0.906461
1524.274,0.6869671 0.4145213 -0.2071428
1611.296,-0.2165782 0.4684036 -1.211889
1702.318,-0.05512524 -0.2638988 0.2958302
1788.331,0.717797 -1.042428 1.520763
1881.349,-0.6680801 1.422617 -0.009291887
1973.37,-1.470173 1.235093 -1.161073
2058.385,-0.06300199 -0.03633547 0.3400531
2147.404,1.312979 -0.5368741 1.294374
2239.427,0.354655 -0.6829648 0.7020791
2329.446,-0.6952569 0.1317964 -1.500138
2419.472,-0.7644641 0.1498988 -1.487276
2510.495,-0.3032447 0.08732784 -0.5725665
2600.515,0.1506754 -0.6079546 1.024246
2691.537,1.031495 -0.03301734 1.062784
2782.548,-0.136795 0.9786616 -1.026949
2869.571,-0.5750873 -0.1371187 -0.05872536
2962.592,-0.359396 -0.1388531 -0.2138634
3052.607,0.5638463 -0.8420936 1.246147
3140.624,0.845804 -0.6230504 1.387805
3230.638,0.8262055 0.9061711 0.8276684
3317.661,-1.033575 1.703217 -2.047641
3404.679,-0.1828225 -0.07096982 0.1126955
3493.7,0.9986084 -0.6796979 1.006588
3582.721,-0.5439882 -0.7598032 -1.363719
3671.735,-0.6104369 -0.2323545 -1.418302
3762.756,-0.03146863 -0.5353246 0.788172
3852.775,0.01966453 0.8675226 -0.2689788
Time,Left Controller Position
85.01783,-17.77847 -56.96423 344.9419
177.0291,335.1047 -62.98889 -344.1452
268.0408,-352.447 9.659958 -1.469166
358.0634,9.49994 8.786835 350.8562
448.0861,335.4236 -5.727295 0.02325439
538.1069,8.415253 8.746185 1.828308
630.128,-356.2832 -0.6874237 2.917572
719.1393,11.64871 -1.788696 -356.5497
806.1509,-0.1547136 -2.452637 0.6823611
895.1657,-2.275224 -0.3901367 0.4888268
984.1852,-7.911579 -13.97052 0.3991027
1075.199,351.4692 -4.3918 1.483525
1164.212,-353.1904 12.25478 -2.641848
1254.231,3.486819 6.141418 -1.158395
1344.242,3.58602 -7.817734 2.470384
1434.254,349.1511 0.1617126 -2.617551
1524.274,0.9573669 -1.666031 2.163128
1611.296,-342.6911 25.95584 -3.57997
1702.318,-15.35818 -11.13087 -0.7856345
1788.331,340.9203 -5.506119 352.6451
1881.349,6.465515 8.819321 -0.1943359
1973.37,-346.0176 -0.4682922 3.329834
2058.385,-1.723441 -4.242142 -354.8684
2147.404,355.7162 -24.24896 4.826274
2239.427,-352.0903 12.34216 -2.791332
2329.446,0.09945917 5.609619 -0.08708167
2419.472,-0.9759607 0.7647247 0.4705834
2510.495,-0.4590075 4.900345 -1.282588
2600.515,328.4093 -23.86186 1.139885
2691.537,4.533569 2.673599 0.3374274
2782.548,-317.1107 25.82185 -1.872109
2869.571,-6.4804 -0.1577301 -1.283518
2962.592,-5.453521 -6.062332 1.108198
3052.607,339.4911 -21.48492 1.172289
3140.624,-5.235229 15.94353 -2.653235
3230.638,7.402374 -5.811279 2.143835
3317.661,-345.0569 20.90541 0.9961348
3404.679,3.211809 -21.7077 2.591971
3493.7,15.70504 -1.806885 4.151206
3582.721,-4.331213 4.761566 -5.414889
3671.735,-7.222261 6.333954 -0.2930026
3762.756,306.5465 -11.18552 350.4196
3852.775,-314.9065 -0.3336792 -350.3596
Time,Left Controller Rotation
85.01783,315.6427 275.9042 21.32314
177.0291,291.486 258.0061 334.7219
268.0408,294.287 251.7167 340.2934
358.0634,294.2038 227.7279 354.4745
448.0861,302.6058 255.3778 342.9587
538.1069,303.2658 338.8352 321.1895
630.128,300.088 337.0677 323.618
719.1393,303.3743 228.1178 31.58448
806.1509,293.6277 240.3932 22.80195
895.1657,289.9836 247.5345 14.52494
984.1852,278.9199 227.0201 352.8243
1075.199,282.9912 229.7876 350.913
1164.212,303.2652 330.3137 321.8737
1254.231,305.3034 329.8868 321.1393
1344.242,291.4724 317.9195 266.5748
1434.254,290.9438 293.0717 293.5246
1524.274,320.1374 331.6406 333.4517
1611.296,316.5599 331.966 336.7359
1702.318,277.3398 246.4815 355.1889
1788.331,286.5529 246.8709 357.0963
1881.349,312.9167 334.2358 327.2484
1973.37,314.0919 336.5735 325.2153
2058.385,288.0941 288.2925 335.5573
2147.404,296.6391 230.4724 23.00267
2239.427,290.0066 284.4071 29.91971
2329.446,289.3179 269.172 63.41146
2419.472,289.3433 268.0178 65.04561
2510.495,284.779 277.9054 49.47627
2600.515,310.4026 184.9798 75.90555
2691.537,307.8937 300.393 354.5237
2782.548,310.2324 335.6393 343.9247
2869.571,301.0717 347.3394 334.0899
2962.592,276.9181 356.4118 292.1586
3052.607,288.0702 218.0626 21.30731
3140.624,291.3548 225.6861 14.97341
3230.638,314.1943 315.56 326.9698
3317.661,300.14 300.2401 11.27897
3404.679,283.9585 121.4632 122.2385
3493.7,281.4786 179.0923 59.59878
3582.721,290.4303 334.2372 349.2974
3671.735,283.9439 338.6913 339.9255
3762.756,283.7466 241.6181 355.4122
3852.775,316.9463 336.0154 322.3354
Time,Left Controller Velocity
85.01783,0.1086231 0.1902266 0.5360093
177.0291,0.4702786 -0.3322881 0.601449
268.0408,1.56444 -0.6365959 1.225797
358.0634,1.404402 -0.6068316 1.469026
448.0861,1.080746 -0.440884 1.928825
538.1069,-1.771552 2.263179 -1.446507
630.128,-2.600667 1.189454 -2.93465
719.1393,-0.3765169 0.03554773 -0.4159818
806.1509,-0.107275 -0.01170206 -0.08474541
895.1657,0.003625035 0.001712561 0.01363039
984.1852,-0.07033515 -0.2608342 0.1056514
1075.199,0.8980892 -1.09016 1.353261
1164.212,0.1021168 0.2492424 0.04359841
1254.231,-0.9363816 0.2428669 -1.531498
1344.242,-0.08043945 -0.134717 -0.1759696
1434.254,1.02861 -1.347501 0.852757
1524.274,0.753792 0.204488 0.0575099
1611.296,-0.2038872 0.4821666 -1.202067
1702.318,-0.09486532 -0.02527964 0.005839825
1788.331,0.6971552 -1.087457 1.485498
1881.349,-0.6280448 1.302902 0.2685018
1973.37,-1.469126 1.229814 -1.144086
2058.385,-0.09957862 0.0634737 0.1680636
2147.404,1.263188 -0.555691 1.216102
2239.427,0.459166 -0.6672728 0.9518697
2329.446,-0.6842084 0.1019307 -1.439157
2419.472,-0.7639267 0.147095 -1.487661
2510.495,-0.2922722 0.09257996 -0.567502
2600.515,0.1026707 -0.5971897 0.6879134
2691.537,1.001835 -0.1754861 1.267441
2782.548,-0.05907083 0.9901555 -0.9234803
2869.571,-0.5404661 -0.07766843 -0.09000301
2962.592,-0.3359545 -0.06134367 -0.3785529
3052.607,0.4692909 -0.8735932 1.134245
3140.624,0.8369634 -0.6431955 1.383539
3230.638,0.827337 0.822693 1.090291
3317.661,-1.009833 1.703387 -2.018916
3404.679,-0.1308029 0.08156776 -0.1100209
3493.7,0.9180968 -0.7132983 0.9831944
3582.721,-0.4890101 -0.7591009 -0.9914274
3671.735,-0.5960774 -0.2154641 -1.451384
3762.756,-0.1118829 -0.5350728 0.4353533
3852.775,0.09836602 0.7392983 -0.007585526
Time,Left Controller Angular Velocity
85.01783,315.6427 275.9042 21.32314
177.0291,-24.15674 -17.89807 313.3988
268.0408,2.801025 -6.289413 5.571472
358.0634,-0.08322144 -23.98883 14.18109
448.0861,8.401978 27.64995 -11.51575
538.1069,0.6600647 83.4574 -21.76929
630.128,-3.177795 -1.767487 2.428558
719.1393,3.286224 -108.95 -292.0335
806.1509,-9.746521 12.27547 -8.782526
895.1657,-3.644165 7.141296 -8.277008
984.1852,-11.06366 -20.51439 338.2993
1075.199,4.071259 2.767456 -1.911255
1164.212,20.27402 100.5261 -29.03937
1254.231,2.038177 -0.4268799 -0.734314
1344.242,-13.83102 -11.96735 -54.56458
1434.254,-0.5285645 -24.84784 26.94986
1524.274,29.1936 38.56891 39.92703
1611.296,-3.577454 0.32547 3.284271
1702.318,-39.22009 -85.48453 18.453
1788.331,9.213043 0.3894043 1.907379
1881.349,26.3638 87.36487 -29.8479
1973.37,1.175232 2.337738 -2.033112
2058.385,-25.9978 -48.28098 10.34198
2147.404,8.544983 -57.8201 -312.5546
2239.427,-6.632507 53.93469 6.917038
2329.446,-0.6886902 -15.23514 33.49175
2419.472,0.02536011 -1.154236 1.634144
2510.495,-4.56427 9.887634 -15.56934
2600.515,25.6236 -92.92561 26.42928
2691.537,-2.50885 115.4132 278.6182
2782.548,2.338684 35.24625 -10.59903
2869.571,-9.160767 11.70013 -9.834808
2962.592,-24.15356 9.072418 -41.93127
3052.607,11.15213 -138.3492 -270.8513
3140.624,3.284576 7.623505 -6.333896
3230.638,22.83951 89.87389 311.9964
3317.661,-14.05429 -15.31992 -315.6909
3404.679,-16.18152 -178.7769 110.9595
3493.7,-2.479919 57.62912 -62.63968
3582.721,8.951752 155.1449 289.6986
3671.735,-6.48645 4.454102 -9.371918
3762.756,-0.1972656 -97.07318 15.48672
3852.775,33.19968 94.39728 -33.07675
Time,Right Controller Position
85.01783,1.750321 1.110024 -3.959553
177.0291,2.737348 0.7118043 -3.077588
268.0408,4.306446 0.09830344 -1.824905
358.0634,5.648539 -0.5020646 -0.2611794
448.0861,6.582348 -0.729947 1.582185
538.1069,4.391174 1.649604 -0.5097322
630.128,1.82109 2.688345 -3.413411
719.1393,1.65092 2.64091 -3.555773
806.1509,1.590158 2.69729 -3.620547
895.1657,1.581304 2.694933 -3.651188
984.1852,1.747028 2.169994 -3.190939
1075.199,2.655156 1.100313 -1.810719
1164.212,2.47423 1.519665 -2.317266
1254.231,1.453288 1.830358 -3.759423
1344.242,1.702551 1.357179 -3.627214
1434.254,2.813647 0.06256276 -2.698769
1524.274,3.321804 0.6377903 -3.104049
1611.296,3.047302 1.073327 -4.219025
1702.318,3.154519 0.7259092 -3.773058
1788.331,3.871403 -0.2507408 -2.255193
1881.349,2.938296 1.345722 -2.424456
1973.37,1.431101 2.466746 -3.607494
2058.385,1.656947 2.413253 -3.053411
2147.404,3.081859 1.808926 -1.786923
2239.427,3.190125 1.205434 -1.248908
2329.446,2.500257 1.362648 -2.722522
2419.472,1.725486 1.517809 -4.203508
2510.495,1.480974 1.588877 -4.671682
2600.515,1.816131 0.884597 -3.611552
2691.537,2.723755 1.056489 -2.685817
2782.548,2.512748 1.896306 -3.660205
2869.571,1.876727 1.677437 -3.756663
2962.592,1.56987 1.517739 -3.923443
3052.607,2.328985 0.6626651 -2.63024
3140.624,3.13534 0.09184337 -1.254212
3230.638,3.825932 1.294491 -0.6360145
3317.661,2.608816 2.80083 -2.65377
3404.679,2.629887 2.623047 -2.368852
3493.7,3.729025 1.894489 -1.364414
3582.721,2.96208 1.198149 -2.958472
3671.735,2.337647 1.077783 -4.378459
3762.756,2.493286 0.4861338 -3.325031
3852.775,2.442874 1.400386 -3.786353
Time,Right Controller Rotation
85.01783,319.2688 227.8369 4.627059
177.0291,319.5681 136.0912 25.48578
268.0408,321.0328 136.4055 21.89479
358.0634,323.7912 134.6824 18.79693
448.0861,311.9561 148.6579 41.6857
538.1069,352.3922 179.4636 102.9906
630.128,351.3689 170.6838 82.73416
719.1393,312.9675 187.1313 13.25787
806.1509,277.1323 75.01292 127.6241
895.1657,285.2704 143.2284 66.96562
984.1852,319.2065 115.9764 20.75185
1075.199,321.2267 118.5291 17.24767
1164.212,332.9923 150.8133 33.20838
1254.231,294.9995 199.6814 1.643968
1344.242,329.4104 128.155 15.23492
1434.254,325.0091 120.9296 10.68587
1524.274,343.5125 140.0535 48.39067
1611.296,318.3969 150.2324 40.19521
1702.318,320.9082 127.109 41.95537
1788.331,326.7005 118.9387 56.59921
1881.349,329.9392 152.3114 70.31508
1973.37,336.0124 164.4876 52.63835
2058.385,309.1087 102.8559 97.11269
2147.404,316.8077 100.7978 64.23023
2239.427,314.7104 134.3441 72.86806
2329.446,287.1813 197.2548 345.0425
2419.472,286.3049 204.9855 339.0088
2510.495,289.6587 71.63689 134.674
2600.515,316.6393 85.66563 87.94485
2691.537,323.0948 111.9091 74.82687
2782.548,301.6503 106.1018 95.31683
2869.571,307.0002 171.8746 32.82976
2962.592,302.8293 153.5375 38.88337
3052.607,316.8359 105.6558 54.67537
3140.624,316.9229 108.1038 66.85861
3230.638,335.6489 133.704 82.68389
3317.661,323.6051 182.7073 27.51727
3404.679,294.7969 142.827 40.04429
3493.7,321.3174 116.9035 39.34806
3582.721,312.6678 187.1751 3.650915
3671.735,301.4211 179.1829 30.01119
3762.756,306.7562 112.6729 68.5013
3852.775,313.2055 144.8054 46.28965
Time,Right Controller Velocity
85.01783,-0.1243533 0.1725234 0.3778052
177.0291,0.9870272 -0.3982194 0.8819649
268.0408,1.569098 -0.6135009 1.252683
358.0634,1.342093 -0.600368 1.563725
448.0861,0.9338098 -0.2278824 1.843364
538.1069,-2.191174 2.379551 -2.091917
630.128,-2.570085 1.038741 -2.903679
719.1393,-0.1701694 -0.04743528 -0.1423619
806.1509,-0.06076193 0.0563798 -0.06477404
895.1657,-0.008853912 -0.002356768 -0.03064156
984.1852,0.1657234 -0.5249393 0.4602489
1075.199,0.9081284 -1.06968 1.38022
1164.212,-0.1809266 0.4193512 -0.506547
1254.231,-1.020942 0.3106933 -1.442157
1344.242,0.2492633 -0.4731789 0.1322091
1434.254,1.111096 -1.294616 0.9284446
1524.274,0.508157 0.5752276 -0.4052799
1611.296,-0.2745025 0.4355365 -1.114976
1702.318,0.1072176 -0.3474177 0.445967
1788.331,0.7168837 -0.9766499 1.517865
1881.349,-0.9331064 1.596463 -0.1692629
1973.37,-1.507196 1.121024 -1.183038
2058.385,0.2258468 -0.05349278 0.5540829
2147.404,1.424912 -0.6043277 1.266489
2239.427,0.1082652 -0.6034914 0.5380151
2329.446,-0.6898673 0.157214 -1.473614
2419.472,-0.7747713 0.1551611 -1.480987
2510.495,-0.244512 0.07106805 -0.468174
2600.515,0.3351568 -0.7042804 1.06013
2691.537,0.9076246 0.171892 0.9257357
2782.548,-0.2110076 0.8398168 -0.9743886
2869.571,-0.636021 -0.2188687 -0.09645724
2962.592,-0.3068563 -0.1596977 -0.1667802
3052.607,0.7591147 -0.8550743 1.293203
3140.624,0.8063552 -0.5708217 1.376028
3230.638,0.6905911 1.202647 0.6181977
3317.661,-1.217115 1.506339 -2.017756
3404.679,0.02107096 -0.177783 0.2849188
3493.7,1.099138 -0.7285583 1.004438
3582.721,-0.7669451 -0.6963398 -1.594058
3671.735,-0.6244323 -0.1203661 -1.419987
3762.756,0.1556387 -0.5916488 1.053428
3852.775,-0.05041218 0.914252 -0.4613214
Time,Right Controller Angular Velocity
85.01783,-27.01883 -88.41772 -0.008337498
177.0291,0.2992554 -91.7457 20.85872
268.0408,1.464691 0.31427 -3.590988
358.0634,2.758453 -1.723068 -3.097868
448.0861,-11.83508 13.97552 22.88877
538.1069,40.43607 30.80566 61.30491
630.128,-1.023346 -8.779785 -20.25645
719.1393,-38.40137 16.44754 -69.47629
806.1509,-35.83524 -112.1184 114.3662
895.1657,8.138092 68.21545 -60.6585
984.1852,33.93619 -27.25197 -46.21377
1075.199,2.020142 2.552742 -3.504179
1164.212,11.76566 32.28419 15.96071
1254.231,-37.99283 48.86803 -31.56441
1344.242,34.41092 -71.52635 13.59096
1434.254,-4.401367 -7.225418 -4.549055
1524.274,18.50339 19.12396 37.7048
1611.296,-25.11551 10.17889 -8.195457
1702.318,2.51123 -23.12344 1.760155
1788.331,5.792297 -8.170311 14.64384
1881.349,3.238708 33.37268 13.71587
1973.37,6.073212 12.17622 -17.67673
2058.385,-26.90366 -61.63174 44.47435
2147.404,7.699005 -2.05809 -32.88246
2239.427,-2.097351 33.54632 8.637833
2329.446,-27.52908 62.91068 272.1744
2419.472,-0.8763733 7.730759 -6.033691
2510.495,3.35379 -133.3486 -204.3348
2600.515,26.98053 14.02874 -46.72914
2691.537,6.455566 26.24352 -13.11798
2782.548,-21.44449 -5.807381 20.48995
2869.571,5.349823 65.77285 -62.48707
2962.592,-4.170898 -18.33716 6.053608
3052.607,14.00662 -47.88163 15.792
3140.624,0.08703613 2.447998 12.18324
3230.638,18.72595 25.60018 15.82528
3317.661,-12.04376 49.00327 -55.16663
3404.679,-28.80817 -39.88026 12.52703
3493.7,26.52042 -25.9235 -0.6962318
3582.721,-8.649506 70.27155 -35.69715
3671.735,-11.24677 -7.992157 26.36027
3762.756,5.335114 -66.51003 38.49011
3852.775,6.44931 32.13249 -22.21164
Task,Time Taken
0,1.014457
0,2.028915
0,3.048915
0,4.072713
0,5.089542
0,6.100756
0,7.113196
0,8.125793
0,9.140844
0,10.15268
0,11.16455
0,12.17586
0,13.18871
0,14.20294
0,15.22099
0,16.23206
0,17.24241
0,18.25476
0,19.26559
0,20.27506
0,21.28657
0,22.29858
0,23.30886
0,24.31935
0,25.32933
0,26.34169
0,27.3545
0,28.36719
0,29.37755
0,30.38738
0,31.39717
0,32.40879
0,33.41874
0,34.43013
0,35.44188
0,36.45235
0,37.46335
0,38.47498
0,39.48652
0,40.49674
0,41.51053
0,42.52214
0,43.53212
0,44.54274
0,45.55349
0,46.56386
0,47.5767
0,48.58695
0,49.59964
0,50.61163
0,51.62498
0,52.63851
0,53.65372
0,54.66453
0,55.67517
0,56.68642
0,57.69817
0,58.70705
0,59.72101
0,60.73087
0,61.74081
0,62.75457
0,63.76508
0,64.77437
0,65.78697
0,66.79791
0,67.8087
0,68.82092
0,69.8318
0,70.84366
0,71.85434
0,72.86565
0,73.87699
0,74.88782
0,75.8977
0,76.90869
0,77.92063
0,78.93181
0,79.94396
0,80.95433
0,81.96873
0,82.98058
0,83.99694
0,85.00703
0,86.01783
0,87.02884
0,88.03978
0,89.05169
0,90.06631
0,91.0753
0,92.08564
0,93.09627
0,94.10722
0,95.12067
0,96.13175
0,97.14651
0,98.15556
0,99.16583
0,100.1763
0,101.1841
0,102.1968
0,103.2081
0,104.2189
0,105.2298
0,106.2399
0,107.2509
0,108.263
0,109.2745
0,110.2855
0,111.2985
0,112.3084
0,113.3207
0,114.3291
0,115.3414
0,116.3519
0,117.363
0,118.3734
0,119.3857
0,120.3954
0,121.4069
0,122.4179
0,123.4285
0,124.439
0,125.452
0,126.4619
0,127.474
0,128.4879
0,129.4996
0,130.5106
0,131.5217
0,132.531
0,133.54
0,134.5515
0,135.5623
0,136.5734
0,137.5847
0,138.5968
0,139.6104
0,140.6202
0,141.6308
0,142.6399
0,143.6509
0,144.6635
0,145.6737
0,146.6839
0,147.6957
0,148.7069
0,149.7175
0,150.7304
0,151.7402
0,152.7511
0,153.7631
0,154.7734
0,155.7866
0,156.7961
0,157.8069
0,158.8192
0,159.8287
0,160.8396
0,161.8514
0,162.8625
0,163.8747
0,164.8872
0,165.899
0,166.909
0,167.9211
0,168.9314
0,169.9409
0,170.9511
0,171.9625
0,172.9748
0,173.9863
0,174.9973
0,176.0072
0,177.0179
0,178.0291
0,179.0399
0,180.0517
0,181.0627
0,182.0759
0,183.0883
0,184.0996
0,185.1102
0,186.1204
0,187.1311
0,188.1416
0,189.1525
0,190.1632
0,191.1736
0,192.1852
0,193.1969
0,194.2071
0,195.2189
0,196.2306
0,197.2407
0,198.2511
0,199.2634
0,200.2756
0,201.2876
0,202.2961
0,203.3062
0,204.3186
0,205.3281
0,206.3392
0,207.3517
0,208.3621
0,209.3726
0,210.3847
0,211.3955
0,212.4065
0,213.4176
0,214.4293
0,215.4409
0,216.4517
0,217.4624
0,218.4739
0,219.4839
0,220.4954
0,221.5095
0,222.5193
0,223.5298
0,224.5416
0,225.5502
0,226.5623
0,227.5731
0,228.5846
0,229.5948
0,230.607
0,231.618
0,232.6282
0,233.6398
0,234.6512
0,235.6638
0,236.6743
0,237.6871
0,238.6989
0,239.7093
0,240.72
0,241.7317
0,242.7451
0,243.7561
0,244.7663
0,245.7771
0,246.7884
0,247.799
0,248.8094
0,249.8182
0,250.833
0,251.8465
0,252.8637
0,253.8729
0,254.8859
0,255.8951
0,256.9066
0,257.9189
0,258.9289
0,259.9408
0,260.9519
0,261.963
0,262.9753
0,263.9863
0,264.9966
0,266.0078
0,267.0184
0,268.0294
0,269.0408
0,270.0524
0,271.0647
0,272.0751
0,273.0857
0,274.096
0,275.1065
0,276.1183
0,277.131
0,278.1404
0,279.1516
0,280.163
0,281.1736
0,282.1849
0,283.1966
0,284.2065
0,285.2176
0,286.2287
0,287.24
0,288.252
0,289.2623
0,290.2733
0,291.2859
0,292.2954
0,293.307
0,294.3198
0,295.3291
0,296.3405
0,297.3524
0,298.3619
0,299.3746
0,300.3845
0,301.3951
0,302.4063
0,303.4184
0,304.4281
0,305.4401
0,306.4557
0,307.4688
0,308.4798
0,309.4894
0,310.502
0,311.5135
0,312.5306
0,313.5411
0,314.5518
0,315.5625
0,316.5775
0,317.5874
0,318.5969
0,319.6085
0,320.6182
0,321.6286
0,322.6404
0,323.6512
0,324.6634
0,325.6742
0,326.6848
0,327.6953
0,328.707
0,329.7185
0,330.7285
0,331.7395
0,332.754
0,333.7652
0,334.7784
0,335.7909
0,336.8083
0,337.821
0,338.8321
0,339.8446
0,340.8564
0,341.8657
0,342.8774
0,343.89
0,344.8992
0,345.9121
0,346.9224
0,347.9345
0,348.9463
0,349.963
0,350.9731
0,351.9842
0,352.9969
0,354.0068
0,355.0178
0,356.0296
0,357.0398
0,358.0508
0,359.0634
0,360.0742
0,361.0848
0,362.0962
0,363.1076
0,364.1188
0,365.1291
0,366.1395
0,367.1518
0,368.1628
0,369.1725
0,370.1841
0,371.1982
0,372.2082
0,373.2181
0,374.2282
0,375.2411
0,376.2525
0,377.263
0,378.2738
0,379.2863
0,380.2952
0,381.3075
0,382.3183
0,383.3286
0,384.3401
0,385.3521
0,386.3622
0,387.3728
0,388.3845
0,389.396
0,390.4066
0,391.4178
0,392.4289
0,393.4398
0,394.4505
0,395.4625
0,396.4727
0,397.4843
0,398.4951
0,399.5084
0,400.5203
0,401.5325
0,402.545
0,403.5556
0,404.5697
0,405.5842
0,406.5956
0,407.6064
0,408.6183
0,409.6289
0,410.639
0,411.6513
0,412.6637
0,413.6746
0,414.6856
0,415.6949
0,416.7062
0,417.7174
0,418.7286
0,419.7394
0,420.7516
0,421.7648
0,422.7764
0,423.7879
0,424.7982
0,425.8087
0,426.8199
0,427.8348
0,428.8512
0,429.8625
0,430.8743
0,431.8846
0,432.8951
0,433.9061
0,434.9179
0,435.9289
0,436.9397
0,437.9525
0,438.9636
0,439.9776
0,440.9879
0,441.9964
0,443.0065
0,444.0189
0,445.0296
0,446.0438
0,447.0569
0,448.0725
0,449.0861
0,450.0959
0,451.1057
0,452.1184
0,453.1298
0,454.1426
0,455.1535
0,456.1662
0,457.1763
0,458.1871
0,459.1987
0,460.209
0,461.2179
0,462.2294
0,463.2401
0,464.2528
0,465.265
0,466.2756
0,467.29
0,468.307
0,469.3191
0,470.329
0,471.3402
0,472.3507
0,473.3624
0,474.3727
0,475.3846
0,476.3961
0,477.4064
0,478.4174
0,479.428
0,480.4389
0,481.4509
0,482.4613
0,483.472
0,484.4848
0,485.4938
0,486.5056
0,487.5175
0,488.5281
0,489.5394
0,490.5504
0,491.5614
0,492.5726
0,493.5859
0,494.5979
0,495.6126
0,496.6283
0,497.64
0,498.6519
0,499.6644
0,500.6768
0,501.6867
0,502.6961
0,503.7061
0,504.7174
0,505.7275
0,506.7393
0,507.7506
0,508.7618
0,509.7729
0,510.7842
0,511.7946
0,512.8085
0,513.8233
0,514.839
0,515.8502
0,516.8611
0,517.8727
0,518.8854
0,519.8953
0,520.905
0,521.918
0,522.9288
0,523.9393
0,524.9505
0,525.9613
0,526.975
0,527.9849
0,528.9954
0,530.0056
0,531.019
0,532.0286
0,533.0402
0,534.0502
0,535.0628
0,536.073
0,537.0842
0,538.0949
0,539.1069
0,540.1203
0,541.1304
0,542.1422
0,543.1528
0,544.1642
0,545.174
0,546.1826
0,547.1948
0,548.2048
0,549.2167
0,550.2277
0,551.2404
0,552.2502
0,553.2614
0,554.2733
0,555.2839
0,556.2962
0,557.3056
0,558.3177
0,559.3284
0,560.3379
0,561.3514
0,562.3615
0,563.3727
0,564.3838
0,565.3943
0,566.4057
0,567.4177
0,568.4269
0,569.4394
0,570.4505
0,571.4612
0,572.4727
0,573.4828
0,574.4949
0,575.5064
0,576.516
0,577.5277
0,578.5394
0,579.5504
0,580.5615
0,581.5728
0,582.5845
0,583.5945
0,584.6049
0,585.6169
0,586.6273
0,587.639
0,588.65
0,589.6614
0,590.6729
0,591.684
0,592.6946
0,593.7068
0,594.7169
0,595.7283
0,596.7394
0,597.7498
0,598.7622
0,599.7719
0,600.7834
0,601.7957
0,602.8077
0,603.8172
0,604.8276
0,605.8397
0,606.8502
0,607.8654
0,608.8782
0,609.8895
0,610.9068
0,611.9188
0,612.9285
0,613.9387
0,614.952
0,615.9615
0,616.9738
0,617.9862
0,618.9955
0,620.0061
0,621.0173
0,622.0279
0,623.0389
0,624.05
0,625.0626
0,626.0752
0,627.085
0,628.0936
0,629.1066
0,630.117
0,631.128
0,632.1381
0,633.1493
0,634.1634
0,635.1725
0,636.1833
0,637.1945
0,638.2047
0,639.2166
0,640.2283
0,641.238
0,642.2507
0,643.2614
0,644.2728
0,645.2838
0,646.2942
0,647.3052
0,648.3163
0,649.3286
0,650.3395
0,651.3524
0,652.3649
0,653.3775
0,654.3907
0,655.4048
0,656.4174
0,657.4276
0,658.4381
0,659.4511
0,660.4605
0,661.4724
0,662.4831
0,663.4938
0,664.5063
0,665.5175
0,666.5288
0,667.5394
0,668.5499
0,669.5616
0,670.5727
0,671.5837
0,672.5957
0,673.6054
0,674.6182
0,675.6288
0,676.6403
0,677.6534
0,678.6668
0,679.6768
0,680.6909
0,681.7062
0,682.717
0,683.728
0,684.7387
0,685.7502
0,686.7609
0,687.773
0,688.786
0,689.7968
0,690.8077
0,691.8184
0,692.8298
0,693.8409
0,694.8539
0,695.866
0,696.875
0,697.8845
0,698.8947
0,699.9058
0,700.9175
0,701.9298
0,702.9413
0,703.9554
0,704.9656
0,705.9783
0,706.9882
0,707.9982
0,709.0109
0,710.0228
0,711.0322
0,712.0453
0,713.0617
0,714.074
0,715.0824
0,716.095
0,717.1069
0,718.1165
0,719.1287
0,720.1393
0,721.1506
0,722.1612
0,723.1728
0,724.1865
0,725.1972
0,726.2069
0,727.2246
0,728.2385
0,729.2506
0,730.2613
0,731.2743
0,732.2851
0,733.297
0,734.3093
0,735.3228
0,736.3344
0,737.3434
0,738.3558
0,739.3665
0,740.3781
0,741.3886
0,742.4009
0,743.4091
0,744.42
0,745.4309
0,746.4423
0,747.4556
0,748.467
0,749.4794
0,750.4947
0,751.509
0,752.5214
0,753.5336
0,754.5436
0,755.5574
0,756.5687
0,757.5845
0,758.5945
0,759.6093
0,760.6209
0,761.6342
0,762.6448
0,763.6558
0,764.6673
0,765.6808
0,766.6967
0,767.7081
0,768.7173
0,769.7294
0,770.7391
0,771.7502
0,772.7643
0,773.7778
0,774.7892
0,775.8006
0,776.8099
0,777.821
0,778.8297
0,779.8415
0,780.8511
0,781.8619
0,782.8737
0,783.8849
0,784.8964
0,785.9077
0,786.9175
0,787.929
0,788.9463
0,789.9619
0,790.9751
0,791.9851
0,792.9957
0,794.0065
0,795.0176
0,796.0278
0,797.0387
0,798.0503
0,799.0614
0,800.074
0,801.0848
0,802.0963
0,803.1074
0,804.117
0,805.1292
0,806.1409
0,807.1509
0,808.1627
0,809.1752
0,810.1883
0,811.1993
0,812.2092
0,813.218
0,814.2281
0,815.2405
0,816.2578
0,817.2729
0,818.2852
0,819.2957
0,820.3072
0,821.3182
0,822.3297
0,823.3406
0,824.3502
0,825.3614
0,826.3741
0,827.3856
0,828.3964
0,829.4101
0,830.4214
0,831.4303
0,832.4396
0,833.4514
0,834.4612
0,835.4738
0,836.4843
0,837.4955
0,838.507
0,839.5178
0,840.5286
0,841.5399
0,842.5512
0,843.5627
0,844.5732
0,845.5851
0,846.5972
0,847.6075
0,848.6167
0,849.6306
0,850.641
0,851.652
0,852.6614
0,853.6735
0,854.6841
0,855.6957
0,856.7075
0,857.7178
0,858.7302
0,859.7408
0,860.7498
0,861.7617
0,862.7737
0,863.7849
0,864.7955
0,865.8067
0,866.8186
0,867.8285
0,868.8408
0,869.8524
0,870.8668
0,871.8779
0,872.8899
0,873.9008
0,874.9106
0,875.9233
0,876.9346
0,877.9458
0,878.9565
0,879.9688
0,880.9847
0,881.9974
0,883.0093
0,884.0192
0,885.0329
0,886.0468
0,887.0632
0,888.0757
0,889.0869
0,890.0992
0,891.1092
0,892.1189
0,893.1339
0,894.145
0,895.1562
0,896.1657
0,897.1799
0,898.1953
0,899.2074
0,900.2181
0,901.2285
0,902.2393
0,903.2516
0,904.2626
0,905.2783
0,906.2891
0,907.298
0,908.3064
0,909.3187
0,910.3299
0,911.3401
0,912.3511
0,913.3632
0,914.3729
0,915.3843
0,916.3956
0,917.4064
0,918.4197
0,919.429
0,920.439
0,921.4517
0,922.4626
0,923.4782
0,924.4917
0,925.5084
0,926.5181
0,927.5276
0,928.5423
0,929.5531
0,930.5654
0,931.5765
0,932.5876
0,933.6
0,934.6101
0,935.6202
0,936.6296
0,937.6406
0,938.6522
0,939.6621
0,940.6751
0,941.6846
0,942.6967
0,943.7076
0,944.7202
0,945.731
0,946.7422
0,947.7503
0,948.762
0,949.7735
0,950.7838
0,951.7953
0,952.8065
0,953.8167
0,954.8294
0,955.8398
0,956.8516
0,957.8667
0,958.877
0,959.8893
0,960.9001
0,961.9108
0,962.9224
0,963.9347
0,964.9502
0,965.9628
0,966.9741
0,967.9868
0,968.9969
0,970.0065
0,971.0178
0,972.0281
0,973.0396
0,974.051
0,975.0656
0,976.0763
0,977.0883
0,978.1027
0,979.1176
0,980.1301
0,981.1406
0,982.1507
0,983.1631
0,984.1719
0,985.1852
0,986.1996
0,987.2108
0,988.2205
0,989.2303
0,990.2392
0,991.2505
0,992.2646
0,993.2754
0,994.2857
0,995.3007
0,996.3097
0,997.321
0,998.3301
0,999.34
0,1000.353
0,1001.362
0,1002.373
0,1003.385
0,1004.396
0,1005.406
0,1006.418
0,1007.429
0,1008.44
0,1009.453
0,1010.465
0,1011.476
0,1012.487
0,1013.499
0,1014.51
0,1015.521
0,1016.531
0,1017.541
0,1018.552
0,1019.562
0,1020.573
0,1021.585
0,1022.596
0,1023.609
0,1024.618
0,1025.629
0,1026.643
0,1027.652
0,1028.664
0,1029.675
0,1030.686
0,1031.695
0,1032.708
0,1033.721
0,1034.732
0,1035.743
0,1036.754
0,1037.765
0,1038.775
0,1039.788
0,1040.798
0,1041.807
0,1042.82
0,1043.83
0,1044.841
0,1045.853
0,1046.863
0,1047.876
0,1048.889
0,1049.901
0,1050.914
0,1051.929
0,1052.941
0,1053.953
0,1054.965
0,1055.974
0,1056.985
0,1057.998
0,1059.007
0,1060.019
0,1061.031
0,1062.041
0,1063.051
0,1064.063
0,1065.074
0,1066.086
0,1067.097
0,1068.107
0,1069.119
0,1070.131
0,1071.142
0,1072.153
0,1073.165
0,1074.175
0,1075.186
0,1076.199
0,1077.209
0,1078.221
0,1079.233
0,1080.243
0,1081.254
0,1082.263
0,1083.275
0,1084.286
0,1085.296
0,1086.308
0,1087.321
0,1088.336
0,1089.351
0,1090.363
0,1091.374
0,1092.386
0,1093.397
0,1094.408
0,1095.418
0,1096.43
0,1097.443
0,1098.454
0,1099.466
0,1100.476
0,1101.486
0,1102.497
0,1103.509
0,1104.519
0,1105.53
0,1106.541
0,1107.553
0,1108.563
0,1109.575
0,1110.586
0,1111.598
0,1112.611
0,1113.624
0,1114.634
0,1115.65
0,1116.663
0,1117.675
0,1118.686
0,1119.696
0,1120.708
0,1121.719
0,1122.73
0,1123.74
0,1124.753
0,1125.767
0,1126.778
0,1127.792
0,1128.808
0,1129.82
0,1130.829
0,1131.841
0,1132.854
0,1133.863
0,1134.874
0,1135.887
0,1136.896
0,1137.908
0,1138.921
0,1139.931
0,1140.94
0,1141.954
0,1142.964
0,1143.976
0,1144.987
0,1145.996
0,1147.007
0,1148.02
0,1149.029
0,1150.042
0,1151.053
0,1152.064
0,1153.075
0,1154.087
0,1155.096
0,1156.108
0,1157.121
0,1158.134
0,1159.146
0,1160.156
0,1161.168
0,1162.18
0,1163.191
0,1164.201
0,1165.212
0,1166.222
0,1167.233
0,1168.243
0,1169.252
0,1170.263
0,1171.276
0,1172.287
0,1173.302
0,1174.313
0,1175.323
0,1176.333
0,1177.344
0,1178.355
0,1179.368
0,1180.38
0,1181.392
0,1182.402
0,1183.412
0,1184.423
0,1185.435
0,1186.446
0,1187.457
0,1188.469
0,1189.479
0,1190.491
0,1191.501
0,1192.512
0,1193.522
0,1194.531
0,1195.542
0,1196.552
0,1197.566
0,1198.578
0,1199.588
0,1200.599
0,1201.609
0,1202.621
0,1203.633
0,1204.643
0,1205.654
0,1206.664
0,1207.674
0,1208.687
0,1209.697
0,1210.708
0,1211.72
0,1212.73
0,1213.742
0,1214.752
0,1215.766
0,1216.777
0,1217.788
0,1218.803
0,1219.819
0,1220.829
0,1221.841
0,1222.854
0,1223.862
0,1224.875
0,1225.89
0,1226.9
0,1227.917
0,1228.931
0,1229.943
0,1230.953
0,1231.963
0,1232.975
0,1233.985
0,1234.998
0,1236.01
0,1237.02
0,1238.03
0,1239.043
0,1240.053
0,1241.063
0,1242.077
0,1243.087
0,1244.101
0,1245.112
0,1246.123
0,1247.135
0,1248.151
0,1249.162
0,1250.175
0,1251.186
0,1252.196
0,1253.208
0,1254.218
0,1255.231
0,1256.242
0,1257.252
0,1258.262
0,1259.274
0,1260.285
0,1261.296
0,1262.306
0,1263.318
0,1264.331
0,1265.34
0,1266.352
0,1267.363
0,1268.374
0,1269.386
0,1270.396
0,1271.406
0,1272.42
0,1273.43
0,1274.442
0,1275.453
0,1276.464
0,1277.474
0,1278.484
0,1279.495
0,1280.508
0,1281.522
0,1282.534
0,1283.546
0,1284.555
0,1285.566
0,1286.578
0,1287.589
0,1288.599
0,1289.611
0,1290.62
0,1291.629
0,1292.639
0,1293.652
0,1294.663
0,1295.677
0,1296.689
0,1297.701
0,1298.711
0,1299.72
0,1300.73
0,1301.741
0,1302.751
0,1303.762
0,1304.772
0,1305.786
0,1306.797
0,1307.811
0,1308.82
0,1309.832
0,1310.842
0,1311.857
0,1312.867
0,1313.878
0,1314.89
0,1315.9
0,1316.911
0,1317.923
0,1318.935
0,1319.95
0,1320.961
0,1321.972
0,1322.984
0,1323.995
0,1325.006
0,1326.019
0,1327.028
0,1328.039
0,1329.05
0,1330.061
0,1331.075
0,1332.088
0,1333.103
0,1334.118
0,1335.127
0,1336.139
0,1337.151
0,1338.162
0,1339.172
0,1340.184
0,1341.197
0,1342.21
0,1343.223
0,1344.234
0,1345.242
0,1346.251
0,1347.262
0,1348.274
0,1349.285
0,1350.295
0,1351.307
0,1352.318
0,1353.33
0,1354.34
0,1355.351
0,1356.361
0,1357.374
0,1358.386
0,1359.395
0,1360.406
0,1361.418
0,1362.432
0,1363.444
0,1364.457
0,1365.475
0,1366.486
0,1367.496
0,1368.506
0,1369.517
0,1370.529
0,1371.54
0,1372.551
0,1373.562
0,1374.573
0,1375.584
0,1376.595
0,1377.606
0,1378.619
0,1379.635
0,1380.651
0,1381.662
0,1382.673
0,1383.684
0,1384.695
0,1385.707
0,1386.717
0,1387.728
0,1388.739
0,1389.751
0,1390.762
0,1391.773
0,1392.783
0,1393.796
0,1394.807
0,1395.818
0,1396.828
0,1397.84
0,1398.853
0,1399.863
0,1400.874
0,1401.885
0,1402.894
0,1403.908
0,1404.919
0,1405.93
0,1406.94
0,1407.951
0,1408.962
0,1409.974
0,1410.986
0,1411.996
0,1413.007
0,1414.017
0,1415.029
0,1416.039
0,1417.051
0,1418.061
0,1419.074
0,1420.084
0,1421.096
0,1422.108
0,1423.118
0,1424.129
0,1425.142
0,1426.153
0,1427.165
0,1428.176
0,1429.188
0,1430.2
0,1431.212
0,1432.222
0,1433.232
0,1434.243
0,1435.254
0,1436.267
0,1437.277
0,1438.288
0,1439.299
0,1440.311
0,1441.324
0,1442.341
0,1443.351
0,1444.363
0,1445.374
0,1446.387
0,1447.398
0,1448.409
0,1449.42
0,1450.433
0,1451.446
0,1452.455
0,1453.466
0,1454.479
0,1455.487
0,1456.498
0,1457.509
0,1458.519
0,1459.53
0,1460.54
0,1461.551
0,1462.564
0,1463.574
0,1464.584
0,1465.596
0,1466.607
0,1467.618
0,1468.628
0,1469.64
0,1470.652
0,1471.664
0,1472.676
0,1473.687
0,1474.7
0,1475.711
0,1476.723
0,1477.733
0,1478.744
0,1479.756
0,1480.768
0,1481.779
0,1482.788
0,1483.797
0,1484.807
0,1485.82
0,1486.832
0,1487.84
0,1488.852
0,1489.862
0,1490.873
0,1491.885
0,1492.898
0,1493.909
0,1494.918
0,1495.929
0,1496.94
0,1497.954
0,1498.965
0,1499.978
0,1500.99
0,1502
0,1503.013
0,1504.024
0,1505.041
0,1506.052
0,1507.063
0,1508.074
0,1509.087
0,1510.1
0,1511.112
0,1512.122
0,1513.132
0,1514.143
0,1515.156
0,1516.167
0,1517.179
0,1518.192
0,1519.206
0,1520.219
0,1521.23
0,1522.243
0,1523.254
0,1524.264
0,1525.274
0,1526.286
0,1527.295
0,1528.307
0,1529.318
0,1530.331
0,1531.344
0,1532.355
0,1533.366
0,1534.379
0,1535.395
0,1536.409
0,1537.419
0,1538.429
0,1539.439
0,1540.452
0,1541.461
0,1542.473
0,1543.485
0,1544.494
0,1545.506
0,1546.518
0,1547.528
0,1548.54
0,1549.552
0,1550.562
0,1551.575
0,1552.588
0,1553.598
0,1554.609
0,1555.618
0,1556.63
0,1557.64
0,1558.651
0,1559.662
0,1560.673
0,1561.687
0,1562.698
0,1563.71
0,1564.72
0,1565.73
0,1566.742
0,1567.752
0,1568.764
0,1569.775
0,1570.784
0,1571.795
0,1572.808
0,1573.818
0,1574.835
0,1575.853
0,1576.863
0,1577.873
0,1578.885
0,1579.898
0,1580.91
0,1581.922
0,1582.932
0,1583.941
0,1584.953
0,1585.964
0,1586.98
0,1587.995
0,1589.007
0,1590.018
0,1591.031
0,1592.043
0,1593.056
0,1594.065
0,1595.078
0,1596.089
0,1597.099
0,1598.111
0,1599.123
0,1600.14
0,1601.15
0,1602.162
0,1603.176
0,1604.188
0,1605.202
0,1606.219
0,1607.231
0,1608.242
0,1609.255
0,1610.267
0,1611.283
0,1612.296
0,1613.307
0,1614.317
0,1615.328
0,1616.34
0,1617.352
0,1618.365
0,1619.375
0,1620.385
0,1621.395
0,1622.408
0,1623.418
0,1624.429
0,1625.441
0,1626.451
0,1627.463
0,1628.473
0,1629.483
0,1630.497
0,1631.508
0,1632.519
0,1633.531
0,1634.541
0,1635.552
0,1636.568
0,1637.585
0,1638.595
0,1639.607
0,1640.617
0,1641.628
0,1642.64
0,1643.651
0,1644.661
0,1645.674
0,1646.685
0,1647.695
0,1648.708
0,1649.719
0,1650.732
0,1651.743
0,1652.752
0,1653.764
0,1654.774
0,1655.785
0,1656.796
0,1657.807
0,1658.818
0,1659.831
0,1660.841
0,1661.853
0,1662.864
0,1663.876
0,1664.887
0,1665.902
0,1666.918
0,1667.928
0,1668.941
0,1669.951
0,1670.962
0,1671.975
0,1672.988
0,1673.999
0,1675.011
0,1676.021
0,1677.032
0,1678.042
0,1679.054
0,1680.064
0,1681.076
0,1682.087
0,1683.097
0,1684.109
0,1685.12
0,1686.131
0,1687.143
0,1688.153
0,1689.168
0,1690.177
0,1691.187
0,1692.196
0,1693.207
0,1694.218
0,1695.229
0,1696.239
0,1697.251
0,1698.262
0,1699.272
0,1700.284
0,1701.294
0,1702.306
0,1703.318
0,1704.329
0,1705.341
0,1706.353
0,1707.365
0,1708.377
0,1709.387
0,1710.397
0,1711.406
0,1712.417
0,1713.427
0,1714.44
0,1715.45
0,1716.462
0,1717.473
0,1718.484
0,1719.494
0,1720.506
0,1721.516
0,1722.527
0,1723.54
0,1724.55
0,1725.561
0,1726.573
0,1727.586
0,1728.597
0,1729.607
0,1730.616
0,1731.628
0,1732.639
0,1733.651
0,1734.661
0,1735.673
0,1736.682
0,1737.695
0,1738.708
0,1739.72
0,1740.731
0,1741.742
0,1742.755
0,1743.768
0,1744.783
0,1745.794
0,1746.808
0,1747.819
0,1748.83
0,1749.844
0,1750.856
0,1751.865
0,1752.875
0,1753.887
0,1754.898
0,1755.911
0,1756.923
0,1757.939
0,1758.953
0,1759.965
0,1760.978
0,1761.99
0,1763.006
0,1764.018
0,1765.027
0,1766.039
0,1767.049
0,1768.061
0,1769.072
0,1770.083
0,1771.095
0,1772.107
0,1773.117
0,1774.132
0,1775.145
0,1776.162
0,1777.172
0,1778.183
0,1779.197
0,1780.212
0,1781.229
0,1782.239
0,1783.252
0,1784.264
0,1785.275
0,1786.289
0,1787.307
0,1788.32
0,1789.331
0,1790.341
0,1791.352
0,1792.36
0,1793.372
0,1794.385
0,1795.393
0,1796.404
0,1797.415
0,1798.427
0,1799.438
0,1800.451
0,1801.462
0,1802.472
0,1803.483
0,1804.495
0,1805.505
0,1806.517
0,1807.528
0,1808.539
0,1809.55
0,1810.56
0,1811.573
0,1812.582
0,1813.594
0,1814.606
0,1815.615
0,1816.627
0,1817.639
0,1818.65
0,1819.663
0,1820.674
0,1821.686
0,1822.695
0,1823.705
0,1824.716
0,1825.727
0,1826.738
0,1827.749
0,1828.761
0,1829.772
0,1830.783
0,1831.793
0,1832.805
0,1833.815
0,1834.827
0,1835.839
0,1836.851
0,1837.861
0,1838.871
0,1839.883
0,1840.894
0,1841.904
0,1842.916
0,1843.928
0,1844.939
0,1845.949
0,1846.962
0,1847.974
0,1848.985
0,1849.997
0,1851.008
0,1852.02
0,1853.029
0,1854.039
0,1855.049
0,1856.063
0,1857.074
0,1858.083
0,1859.092
0,1860.107
0,1861.115
0,1862.127
0,1863.138
0,1864.15
0,1865.16
0,1866.173
0,1867.183
0,1868.195
0,1869.205
0,1870.217
0,1871.229
0,1872.243
0,1873.253
0,1874.266
0,1875.277
0,1876.29
0,1877.299
0,1878.308
0,1879.319
0,1880.329
0,1881.34
0,1882.349
0,1883.36
0,1884.372
0,1885.384
0,1886.395
0,1887.405
0,1888.415
0,1889.426
0,1890.438
0,1891.449
0,1892.461
0,1893.471
0,1894.483
0,1895.493
0,1896.505
0,1897.515
0,1898.527
0,1899.539
0,1900.549
0,1901.559
0,1902.573
0,1903.583
0,1904.595
0,1905.605
0,1906.616
0,1907.628
0,1908.638
0,1909.649
0,1910.661
0,1911.672
0,1912.684
0,1913.697
0,1914.708
0,1915.718
0,1916.73
0,1917.74
0,1918.752
0,1919.764
0,1920.777
0,1921.789
0,1922.798
0,1923.81
0,1924.821
0,1925.832
0,1926.847
0,1927.859
0,1928.871
0,1929.88
0,1930.892
0,1931.904
0,1932.915
0,1933.926
0,1934.936
0,1935.948
0,1936.959
0,1937.97
0,1938.981
0,1939.992
0,1941.005
0,1942.015
0,1943.025
0,1944.036
0,1945.047
0,1946.059
0,1947.07
0,1948.081
0,1949.091
0,1950.103
0,1951.113
0,1952.126
0,1953.137
0,1954.147
0,1955.16
0,1956.171
0,1957.181
0,1958.193
0,1959.204
0,1960.215
0,1961.228
0,1962.241
0,1963.25
0,1964.259
0,1965.27
0,1966.281
0,1967.291
0,1968.305
0,1969.315
0,1970.325
0,1971.337
0,1972.348
0,1973.359
0,1974.37
0,1975.382
0,1976.392
0,1977.403
0,1978.416
0,1979.427
0,1980.436
0,1981.448
0,1982.459
0,1983.469
0,1984.48
0,1985.492
0,1986.503
0,1987.515
0,1988.525
0,1989.537
0,1990.55
0,1991.562
0,1992.574
0,1993.584
0,1994.596
0,1995.607
0,1996.64
0,1997.651
0,1998.662
0,1999.673
0,2000.687
0,2001.704
0,2002.716
0,2003.727
0,2004.737
0,2005.747
0,2006.759
0,2007.771
0,2008.783
0,2009.794
0,2010.806
0,2011.819
0,2012.83
0,2013.841
0,2014.854
0,2015.864
0,2016.875
0,2017.887
0,2018.902
0,2019.916
0,2020.927
0,2021.939
0,2022.952
0,2023.963
0,2024.974
0,2025.987
0,2026.995
0,2028.009
0,2029.026
0,2030.036
0,2031.047
0,2032.058
0,2033.07
0,2034.087
0,2035.104
0,2036.115
0,2037.127
0,2038.139
0,2039.148
0,2040.158
0,2041.171
0,2042.18
0,2043.191
0,2044.207
0,2045.219
0,2046.231
0,2047.242
0,2048.253
0,2049.265
0,2050.281
0,2051.293
0,2052.303
0,2053.317
0,2054.328
0,2055.34
0,2056.352
0,2057.363
0,2058.375
0,2059.385
0,2060.394
0,2061.404
0,2062.414
0,2063.425
0,2064.437
0,2065.448
0,2066.458
0,2067.47
0,2068.482
0,2069.493
0,2070.504
0,2071.516
0,2072.529
0,2073.542
0,2074.552
0,2075.563
0,2076.573
0,2077.584
0,2078.596
0,2079.612
0,2080.625
0,2081.637
0,2082.647
0,2083.66
0,2084.671
0,2085.684
0,2086.694
0,2087.708
0,2088.719
0,2089.729
0,2090.74
0,2091.751
0,2092.762
0,2093.772
0,2094.781
0,2095.793
0,2096.803
0,2097.815
0,2098.828
0,2099.837
0,2100.849
0,2101.862
0,2102.871
0,2103.884
0,2104.895
0,2105.906
0,2106.918
0,2107.928
0,2108.94
0,2109.953
0,2110.964
0,2111.974
0,2112.987
0,2114.005
0,2115.014
0,2116.027
0,2117.037
0,2118.05
0,2119.065
0,2120.081
0,2121.092
0,2122.103
0,2123.115
0,2124.127
0,2125.137
0,2126.15
0,2127.159
0,2128.171
0,2129.18
0,2130.191
0,2131.204
0,2132.214
0,2133.226
0,2134.237
0,2135.247
0,2136.258
0,2137.27
0,2138.281
0,2139.291
0,2140.306
0,2141.318
0,2142.328
0,2143.341
0,2144.353
0,2145.363
0,2146.376
0,2147.391
0,2148.404
0,2149.414
0,2150.426
0,2151.437
0,2152.449
0,2153.459
0,2154.47
0,2155.48
0,2156.491
0,2157.502
0,2158.514
0,2159.526
0,2160.539
0,2161.549
0,2162.558
0,2163.571
0,2164.581
0,2165.591
0,2166.605
0,2167.616
0,2168.628
0,2169.639
0,2170.648
0,2171.66
0,2172.67
0,2173.683
0,2174.693
0,2175.703
0,2176.712
0,2177.724
0,2178.736
0,2179.748
0,2180.76
0,2181.772
0,2182.781
0,2183.792
0,2184.803
0,2185.814
0,2186.826
0,2187.837
0,2188.849
0,2189.86
0,2190.87
0,2191.879
0,2192.891
0,2193.902
0,2194.914
0,2195.926
0,2196.938
0,2197.948
0,2198.958
0,2199.968
0,2200.981
0,2201.99
0,2203.002
0,2204.013
0,2205.024
0,2206.036
0,2207.046
0,2208.057
0,2209.07
0,2210.079
0,2211.091
0,2212.104
0,2213.113
0,2214.124
0,2215.138
0,2216.147
0,2217.158
0,2218.17
0,2219.18
0,2220.191
0,2221.203
0,2222.215
0,2223.227
0,2224.236
0,2225.248
0,2226.26
0,2227.271
0,2228.283
0,2229.297
0,2230.31
0,2231.327
0,2232.338
0,2233.351
0,2234.361
0,2235.372
0,2236.383
0,2237.393
0,2238.404
0,2239.417
0,2240.427
0,2241.438
0,2242.448
0,2243.461
0,2244.473
0,2245.486
0,2246.495
0,2247.506
0,2248.518
0,2249.531
0,2250.548
0,2251.558
0,2252.57
0,2253.581
0,2254.594
0,2255.609
0,2256.625
0,2257.636
0,2258.646
0,2259.658
0,2260.669
0,2261.681
0,2262.691
0,2263.702
0,2264.713
0,2265.724
0,2266.736
0,2267.749
0,2268.76
0,2269.771
0,2270.781
0,2271.792
0,2272.802
0,2273.813
0,2274.824
0,2275.837
0,2276.851
0,2277.862
0,2278.872
0,2279.881
0,2280.89
0,2281.902
0,2282.914
0,2283.925
0,2284.937
0,2285.948
0,2286.958
0,2287.971
0,2288.983
0,2289.994
0,2291.006
0,2292.019
0,2293.029
0,2294.039
0,2295.05
0,2296.059
0,2297.07
0,2298.082
0,2299.092
0,2300.102
0,2301.113
0,2302.125
0,2303.136
0,2304.146
0,2305.157
0,2306.169
0,2307.179
0,2308.19
0,2309.202
0,2310.212
0,2311.224
0,2312.237
0,2313.249
0,2314.26
0,2315.272
0,2316.282
0,2317.292
0,2318.303
0,2319.313
0,2320.324
0,2321.336
0,2322.348
0,2323.36
0,2324.369
0,2325.383
0,2326.396
0,2327.406
0,2328.418
0,2329.435
0,2330.446
0,2331.458
0,2332.469
0,2333.479
0,2334.49
0,2335.507
0,2336.517
0,2337.53
0,2338.546
0,2339.556
0,2340.569
0,2341.582
0,2342.593
0,2343.605
0,2344.616
0,2345.627
0,2346.637
0,2347.646
0,2348.659
0,2349.672
0,2350.683
0,2351.693
0,2352.702
0,2353.713
0,2354.724
0,2355.734
0,2356.747
0,2357.758
0,2358.77
0,2359.779
0,2360.79
0,2361.802
0,2362.816
0,2363.826
0,2364.841
0,2365.857
0,2366.869
0,2367.879
0,2368.891
0,2369.903
0,2370.914
0,2371.925
0,2372.935
0,2373.946
0,2374.959
0,2375.968
0,2376.98
0,2377.991
0,2379.002
0,2380.013
0,2381.024
0,2382.038
0,2383.047
0,2384.059
0,2385.07
0,2386.083
0,2387.093
0,2388.104
0,2389.112
0,2390.123
0,2391.136
0,2392.146
0,2393.157
0,2394.169
0,2395.181
0,2396.19
0,2397.202
0,2398.213
0,2399.224
0,2400.235
0,2401.247
0,2402.259
0,2403.272
0,2404.283
0,2405.294
0,2406.303
0,2407.315
0,2408.325
0,2409.335
0,2410.351
0,2411.362
0,2412.373
0,2413.383
0,2414.393
0,2415.413
0,2416.424
0,2417.436
0,2418.447
0,2419.459
0,2420.472
0,2421.484
0,2422.496
0,2423.508
0,2424.521
0,2425.537
0,2426.546
0,2427.558
0,2428.569
0,2429.58
0,2430.59
0,2431.604
0,2432.614
0,2433.625
0,2434.637
0,2435.65
0,2436.661
0,2437.671
0,2438.681
0,2439.691
0,2440.702
0,2441.713
0,2442.724
0,2443.736
0,2444.747
0,2445.758
0,2446.77
0,2447.78
0,2448.792
0,2449.804
0,2450.816
0,2451.827
0,2452.837
0,2453.846
0,2454.859
0,2455.87
0,2456.88
0,2457.893
0,2458.904
0,2459.914
0,2460.924
0,2461.936
0,2462.949
0,2463.961
0,2464.973
0,2465.983
0,2466.991
0,2468.003
0,2469.014
0,2470.024
0,2471.037
0,2472.051
0,2473.064
0,2474.074
0,2475.088
0,2476.104
0,2477.113
0,2478.126
0,2479.137
0,2480.149
0,2481.161
0,2482.17
0,2483.181
0,2484.193
0,2485.205
0,2486.217
0,2487.23
0,2488.24
0,2489.251
0,2490.263
0,2491.273
0,2492.285
0,2493.297
0,2494.306
0,2495.314
0,2496.325
0,2497.336
0,2498.348
0,2499.358
0,2500.369
0,2501.382
0,2502.391
0,2503.404
0,2504.415
0,2505.427
0,2506.438
0,2507.448
0,2508.459
0,2509.469
0,2510.482
0,2511.495
0,2512.504
0,2513.514
0,2514.526
0,2515.536
0,2516.548
0,2517.558
0,2518.569
0,2519.58
0,2520.592
0,2521.603
0,2522.614
0,2523.625
0,2524.637
0,2525.648
0,2526.658
0,2527.669
0,2528.68
0,2529.692
0,2530.703
0,2531.713
0,2532.724
0,2533.737
0,2534.748
0,2535.759
0,2536.77
0,2537.781
0,2538.792
0,2539.805
0,2540.818
0,2541.828
0,2542.84
0,2543.85
0,2544.863
0,2545.875
0,2546.887
0,2547.904
0,2548.915
0,2549.925
0,2550.938
0,2551.949
0,2552.959
0,2553.971
0,2554.982
0,2555.994
0,2557.004
0,2558.015
0,2559.027
0,2560.04
0,2561.051
0,2562.061
0,2563.072
0,2564.082
0,2565.093
0,2566.104
0,2567.115
0,2568.124
0,2569.138
0,2570.148
0,2571.159
0,2572.17
0,2573.181
0,2574.193
0,2575.205
0,2576.215
0,2577.225
0,2578.239
0,2579.25
0,2580.263
0,2581.276
0,2582.293
0,2583.303
0,2584.316
0,2585.328
0,2586.343
0,2587.355
0,2588.369
0,2589.382
0,2590.395
0,2591.405
0,2592.418
0,2593.429
0,2594.439
0,2595.449
0,2596.458
0,2597.472
0,2598.483
0,2599.494
0,2600.505
0,2601.515
0,2602.525
0,2603.537
0,2604.548
0,2605.559
0,2606.569
0,2607.583
0,2608.594
0,2609.605
0,2610.616
0,2611.624
0,2612.636
0,2613.647
0,2614.659
0,2615.673
0,2616.684
0,2617.694
0,2618.705
0,2619.714
0,2620.727
0,2621.738
0,2622.748
0,2623.76
0,2624.77
0,2625.781
0,2626.793
0,2627.805
0,2628.817
0,2629.829
0,2630.84
0,2631.852
0,2632.865
0,2633.875
0,2634.887
0,2635.897
0,2636.91
0,2637.925
0,2638.94
0,2639.948
0,2640.959
0,2641.97
0,2642.983
0,2643.993
0,2645.004
0,2646.015
0,2647.027
0,2648.039
0,2649.05
0,2650.059
0,2651.071
0,2652.082
0,2653.094
0,2654.104
0,2655.115
0,2656.126
0,2657.136
0,2658.149
0,2659.159
0,2660.17
0,2661.181
0,2662.194
0,2663.204
0,2664.214
0,2665.23
0,2666.242
0,2667.254
0,2668.266
0,2669.281
0,2670.294
0,2671.305
0,2672.314
0,2673.327
0,2674.337
0,2675.35
0,2676.363
0,2677.375
0,2678.385
0,2679.394
0,2680.404
0,2681.419
0,2682.432
0,2683.443
0,2684.453
0,2685.463
0,2686.475
0,2687.487
0,2688.497
0,2689.507
0,2690.516
0,2691.526
0,2692.537
0,2693.549
0,2694.562
0,2695.571
0,2696.584
0,2697.596
0,2698.608
0,2699.622
0,2700.631
0,2701.643
0,2702.654
0,2703.665
0,2704.675
0,2705.683
0,2706.695
0,2707.707
0,2708.718
0,2709.73
0,2710.744
0,2711.759
0,2712.771
0,2713.784
0,2714.796
0,2715.806
0,2716.819
0,2717.83
0,2718.842
0,2719.853
0,2720.863
0,2721.874
0,2722.883
0,2723.894
0,2724.906
0,2725.915
0,2726.929
0,2727.94
0,2728.949
0,2729.959
0,2730.97
0,2731.983
0,2732.995
0,2734.007
0,2735.02
0,2736.029
0,2737.039
0,2738.051
0,2739.063
0,2740.074
0,2741.083
0,2742.092
0,2743.109
0,2744.118
0,2745.128
0,2746.137
0,2747.147
0,2748.159
0,2749.17
0,2750.182
0,2751.194
0,2752.207
0,2753.218
0,2754.23
0,2755.241
0,2756.252
0,2757.262
0,2758.275
0,2759.285
0,2760.296
0,2761.306
0,2762.316
0,2763.328
0,2764.336
0,2765.35
0,2766.363
0,2767.375
0,2768.386
0,2769.396
0,2770.407
0,2771.42
0,2772.431
0,2773.441
0,2774.451
0,2775.461
0,2776.472
0,2777.481
0,2778.493
0,2779.502
0,2780.515
0,2781.526
0,2782.538
0,2783.548
0,2784.564
0,2785.574
0,2786.585
0,2787.596
0,2788.607
0,2789.617
0,2790.63
0,2791.641
0,2792.651
0,2793.661
0,2794.674
0,2795.688
0,2796.704
0,2797.718
0,2798.733
0,2799.747
0,2800.76
0,2801.772
0,2802.782
0,2803.793
0,2804.806
0,2805.817
0,2806.829
0,2807.844
0,2808.859
0,2809.87
0,2810.881
0,2811.895
0,2812.906
0,2813.915
0,2814.926
0,2815.938
0,2816.948
0,2817.959
0,2818.97
0,2819.982
0,2820.995
0,2822.005
0,2823.015
0,2824.025
0,2825.037
0,2826.048
0,2827.061
0,2828.073
0,2829.083
0,2830.095
0,2831.111
0,2832.127
0,2833.138
0,2834.151
0,2835.161
0,2836.17
0,2837.181
0,2838.192
0,2839.202
0,2840.213
0,2841.227
0,2842.237
0,2843.249
0,2844.261
0,2845.271
0,2846.283
0,2847.296
0,2848.306
0,2849.318
0,2850.332
0,2851.348
0,2852.36
0,2853.37
0,2854.382
0,2855.393
0,2856.405
0,2857.415
0,2858.428
0,2859.44
0,2860.451
0,2861.463
0,2862.475
0,2863.487
0,2864.504
0,2865.516
0,2866.527
0,2867.538
0,2868.548
0,2869.56
0,2870.571
0,2871.582
0,2872.592
0,2873.605
0,2874.617
0,2875.626
0,2876.636
0,2877.649
0,2878.659
0,2879.672
0,2880.683
0,2881.694
0,2882.704
0,2883.714
0,2884.726
0,2885.739
0,2886.748
0,2887.759
0,2888.772
0,2889.781
0,2890.795
0,2891.804
0,2892.816
0,2893.827
0,2894.839
0,2895.85
0,2896.86
0,2897.87
0,2898.883
0,2899.894
0,2900.905
0,2901.915
0,2902.927
0,2903.937
0,2904.949
0,2905.961
0,2906.971
0,2907.983
0,2908.993
0,2910.005
0,2911.015
0,2912.028
0,2913.039
0,2914.048
0,2915.062
0,2916.074
0,2917.088
0,2918.097
0,2919.107
0,2920.115
0,2921.126
0,2922.137
0,2923.148
0,2924.159
0,2925.171
0,2926.181
0,2927.192
0,2928.204
0,2929.216
0,2930.225
0,2931.237
0,2932.247
0,2933.258
0,2934.271
0,2935.281
0,2936.291
0,2937.303
0,2938.314
0,2939.327
0,2940.336
0,2941.348
0,2942.36
0,2943.37
0,2944.381
0,2945.393
0,2946.406
0,2947.418
0,2948.429
0,2949.439
0,2950.451
0,2951.462
0,2952.472
0,2953.482
0,2954.492
0,2955.504
0,2956.514
0,2957.525
0,2958.536
0,2959.547
0,2960.558
0,2961.57
0,2962.58
0,2963.592
0,2964.605
0,2965.615
0,2966.628
0,2967.643
0,2968.658
0,2969.669
0,2970.68
0,2971.693
0,2972.704
0,2973.715
0,2974.726
0,2975.736
0,2976.751
0,2977.762
0,2978.774
0,2979.784
0,2980.796
0,2981.807
0,2982.817
0,2983.827
0,2984.835
0,2985.847
0,2986.859
0,2987.871
0,2988.88
0,2989.893
0,2990.903
0,2991.913
0,2992.926
0,2993.936
0,2994.947
0,2995.957
0,2996.97
0,2997.98
0,2998.992
0,3000.005
0,3001.021
0,3002.031
0,3003.041
0,3004.052
0,3005.064
0,3006.076
0,3007.086
0,3008.098
0,3009.114
0,3010.125
0,3011.137
0,3012.147
0,3013.159
0,3014.171
0,3015.181
0,3016.194
0,3017.204
0,3018.215
0,3019.226
0,3020.236
0,3021.248
0,3022.26
0,3023.27
0,3024.281
0,3025.293
0,3026.303
0,3027.313
0,3028.326
0,3029.336
0,3030.347
0,3031.359
0,3032.37
0,3033.38
0,3034.392
0,3035.402
0,3036.414
0,3037.426
0,3038.436
0,3039.448
0,3040.46
0,3041.473
0,3042.485
0,3043.495
0,3044.506
0,3045.516
0,3046.528
0,3047.538
0,3048.551
0,3049.562
0,3050.572
0,3051.586
0,3052.597
0,3053.607
0,3054.618
0,3055.629
0,3056.64
0,3057.651
0,3058.66
0,3059.671
0,3060.686
0,3061.697
0,3062.707
0,3063.716
0,3064.727
0,3065.739
0,3066.754
0,3067.766
0,3068.78
0,3069.793
0,3070.804
0,3071.815
0,3072.827
0,3073.837
0,3074.846
0,3075.859
0,3076.871
0,3077.884
0,3078.896
0,3079.907
0,3080.926
0,3081.935
0,3082.946
0,3083.958
0,3084.968
0,3085.98
0,3086.991
0,3088.01
0,3089.024
0,3090.035
0,3091.046
0,3092.057
0,3093.068
0,3094.079
0,3095.09
0,3096.103
0,3097.117
0,3098.128
0,3099.138
0,3100.152
0,3101.162
0,3102.176
0,3103.192
0,3104.202
0,3105.213
0,3106.223
0,3107.235
0,3108.247
0,3109.26
0,3110.274
0,3111.291
0,3112.302
0,3113.313
0,3114.324
0,3115.334
0,3116.346
0,3117.358
0,3118.369
0,3119.379
0,3120.393
0,3121.402
0,3122.415
0,3123.428
0,3124.438
0,3125.448
0,3126.457
0,3127.467
0,3128.48
0,3129.49
0,3130.502
0,3131.513
0,3132.524
0,3133.534
0,3134.545
0,3135.558
0,3136.568
0,3137.582
0,3138.591
0,3139.601
0,3140.614
0,3141.624
0,3142.634
0,3143.645
0,3144.656
0,3145.668
0,3146.679
0,3147.69
0,3148.701
0,3149.715
0,3150.726
0,3151.738
0,3152.748
0,3153.757
0,3154.767
0,3155.78
0,3156.792
0,3157.802
0,3158.818
0,3159.83
0,3160.846
0,3161.857
0,3162.868
0,3163.881
0,3164.892
0,3165.903
0,3166.912
0,3167.923
0,3168.935
0,3169.945
0,3170.959
0,3171.968
0,3172.98
0,3173.992
0,3175.003
0,3176.014
0,3177.022
0,3178.034
0,3179.046
0,3180.056
0,3181.067
0,3182.079
0,3183.09
0,3184.104
0,3185.115
0,3186.125
0,3187.137
0,3188.147
0,3189.157
0,3190.171
0,3191.181
0,3192.192
0,3193.204
0,3194.215
0,3195.226
0,3196.238
0,3197.249
0,3198.263
0,3199.275
0,3200.292
0,3201.301
0,3202.313
0,3203.324
0,3204.335
0,3205.347
0,3206.359
0,3207.37
0,3208.381
0,3209.394
0,3210.405
0,3211.415
0,3212.424
0,3213.434
0,3214.447
0,3215.458
0,3216.469
0,3217.48
0,3218.49
0,3219.502
0,3220.512
0,3221.524
0,3222.533
0,3223.545
0,3224.557
0,3225.567
0,3226.581
0,3227.594
0,3228.604
0,3229.616
0,3230.627
0,3231.638
0,3232.649
0,3233.663
0,3234.677
0,3235.691
0,3236.701
0,3237.711
0,3238.724
0,3239.734
0,3240.745
0,3241.756
0,3242.768
0,3243.779
0,3244.789
0,3245.804
0,3246.815
0,3247.828
0,3248.84
0,3249.856
0,3250.868
0,3251.878
0,3252.89
0,3253.901
0,3254.911
0,3255.925
0,3256.935
0,3257.946
0,3258.957
0,3259.975
0,3260.991
0,3262
0,3263.012
0,3264.025
0,3265.038
0,3266.05
0,3267.06
0,3268.07
0,3269.082
0,3270.093
0,3271.102
0,3272.115
0,3273.127
0,3274.14
0,3275.156
0,3276.168
0,3277.178
0,3278.189
0,3279.201
0,3280.215
0,3281.225
0,3282.238
0,3283.25
0,3284.26
0,3285.271
0,3286.283
0,3287.295
0,3288.311
0,3289.322
0,3290.333
0,3291.344
0,3292.358
0,3293.367
0,3294.38
0,3295.392
0,3296.402
0,3297.413
0,3298.427
0,3299.439
0,3300.45
0,3301.46
0,3302.472
0,3303.482
0,3304.494
0,3305.505
0,3306.517
0,3307.526
0,3308.54
0,3309.555
0,3310.566
0,3311.578
0,3312.591
0,3313.605
0,3314.615
0,3315.625
0,3316.636
0,3317.648
0,3318.661
0,3319.678
0,3320.688
0,3321.701
0,3322.711
0,3323.725
0,3324.736
0,3325.748
0,3326.761
0,3327.778
0,3328.789
0,3329.801
0,3330.814
0,3331.825
0,3332.838
0,3333.848
0,3334.861
0,3335.872
0,3336.88
0,3337.892
0,3338.907
0,3339.922
0,3340.934
0,3341.944
0,3342.955
0,3343.967
0,3344.98
0,3345.991
0,3347.004
0,3348.016
0,3349.027
0,3350.037
0,3351.047
0,3352.057
0,3353.068
0,3354.079
0,3355.088
0,3356.1
0,3357.111
0,3358.12
0,3359.132
0,3360.143
0,3361.154
0,3362.168
0,3363.179
0,3364.191
0,3365.202
0,3366.214
0,3367.225
0,3368.238
0,3369.248
0,3370.261
0,3371.277
0,3372.289
0,3373.302
0,3374.316
0,3375.327
0,3376.336
0,3377.346
0,3378.359
0,3379.372
0,3380.389
0,3381.4
0,3382.41
0,3383.422
0,3384.433
0,3385.443
0,3386.455
0,3387.467
0,3388.477
0,3389.489
0,3390.499
0,3391.512
0,3392.525
0,3393.538
0,3394.549
0,3395.561
0,3396.578
0,3397.589
0,3398.6
0,3399.611
0,3400.624
0,3401.636
0,3402.646
0,3403.655
0,3404.666
0,3405.679
0,3406.691
0,3407.703
0,3408.711
0,3409.723
0,3410.735
0,3411.744
0,3412.757
0,3413.768
0,3414.78
0,3415.794
0,3416.806
0,3417.823
0,3418.834
0,3419.845
0,3420.857
0,3421.867
0,3422.879
0,3423.889
0,3424.905
0,3425.915
0,3426.925
0,3427.938
0,3428.948
0,3429.957
0,3430.968
0,3431.979
0,3432.994
0,3434.011
0,3435.022
0,3436.033
0,3437.046
0,3438.06
0,3439.077
0,3440.088
0,3441.098
0,3442.109
0,3443.121
0,3444.135
0,3445.148
0,3446.161
0,3447.177
0,3448.188
0,3449.198
0,3450.211
0,3451.221
0,3452.231
0,3453.244
0,3454.257
0,3455.27
0,3456.28
0,3457.291
0,3458.301
0,3459.312
0,3460.322
0,3461.334
0,3462.344
0,3463.354
0,3464.365
0,3465.376
0,3466.389
0,3467.4
0,3468.409
0,3469.423
0,3470.432
0,3471.442
0,3472.455
0,3473.466
0,3474.478
0,3475.49
0,3476.501
0,3477.512
0,3478.522
0,3479.531
0,3480.543
0,3481.553
0,3482.566
0,3483.576
0,3484.587
0,3485.598
0,3486.61
0,3487.623
0,3488.633
0,3489.644
0,3490.653
0,3491.666
0,3492.679
0,3493.69
0,3494.7
0,3495.711
0,3496.72
0,3497.731
0,3498.743
0,3499.753
0,3500.765
0,3501.778
0,3502.79
0,3503.801
0,3504.814
0,3505.824
0,3506.834
0,3507.844
0,3508.855
0,3509.865
0,3510.876
0,3511.888
0,3512.897
0,3513.91
0,3514.926
0,3515.939
0,3516.953
0,3517.966
0,3518.982
0,3519.999
0,3521.01
0,3522.023
0,3523.034
0,3524.046
0,3525.059
0,3526.071
0,3527.087
0,3528.098
0,3529.112
0,3530.122
0,3531.134
0,3532.144
0,3533.153
0,3534.169
0,3535.18
0,3536.191
0,3537.201
0,3538.211
0,3539.221
0,3540.232
0,3541.244
0,3542.255
0,3543.265
0,3544.276
0,3545.289
0,3546.301
0,3547.313
0,3548.326
0,3549.335
0,3550.349
0,3551.36
0,3552.375
0,3553.388
0,3554.399
0,3555.411
0,3556.421
0,3557.432
0,3558.442
0,3559.454
0,3560.467
0,3561.476
0,3562.488
0,3563.498
0,3564.509
0,3565.522
0,3566.532
0,3567.543
0,3568.556
0,3569.568
0,3570.58
0,3571.592
0,3572.603
0,3573.614
0,3574.624
0,3575.635
0,3576.644
0,3577.654
0,3578.666
0,3579.677
0,3580.688
0,3581.698
0,3582.708
0,3583.721
0,3584.731
0,3585.745
0,3586.755
0,3587.767
0,3588.778
0,3589.79
0,3590.8
0,3591.81
0,3592.823
0,3593.833
0,3594.842
0,3595.855
0,3596.867
0,3597.88
0,3598.892
0,3599.902
0,3600.913
0,3601.925
0,3602.936
0,3603.947
0,3604.958
0,3605.97
0,3606.981
0,3607.992
0,3609.002
0,3610.012
0,3611.025
0,3612.036
0,3613.048
0,3614.058
0,3615.069
0,3616.08
0,3617.09
0,3618.102
0,3619.113
0,3620.122
0,3621.132
0,3622.142
0,3623.154
0,3624.167
0,3625.181
0,3626.193
0,3627.209
0,3628.22
0,3629.231
0,3630.242
0,3631.254
0,3632.266
0,3633.279
0,3634.29
0,3635.3
0,3636.314
0,3637.324
0,3638.333
0,3639.344
0,3640.358
0,3641.367
0,3642.378
0,3643.386
0,3644.397
0,3645.409
0,3646.421
0,3647.431
0,3648.442
0,3649.455
0,3650.465
0,3651.476
0,3652.49
0,3653.5
0,3654.512
0,3655.527
0,3656.543
0,3657.552
0,3658.564
0,3659.575
0,3660.589
0,3661.598
0,3662.609
0,3663.619
0,3664.633
0,3665.645
0,3666.657
0,3667.67
0,3668.682
0,3669.701
0,3670.713
0,3671.723
0,3672.735
0,3673.746
0,3674.757
0,3675.773
0,3676.786
0,3677.799
0,3678.811
0,3679.823
0,3680.833
0,3681.843
0,3682.853
0,3683.863
0,3684.875
0,3685.885
0,3686.896
0,3687.909
0,3688.923
0,3689.934
0,3690.943
0,3691.954
0,3692.966
0,3693.979
0,3694.989
0,3695.998
0,3697.007
0,3698.02
0,3699.031
0,3700.044
0,3701.055
0,3702.067
0,3703.078
0,3704.088
0,3705.097
0,3706.111
0,3707.122
0,3708.132
0,3709.142
0,3710.153
0,3711.166
0,3712.177
0,3713.189
0,3714.2
0,3715.212
0,3716.223
0,3717.237
0,3718.247
0,3719.256
0,3720.268
0,3721.282
0,3722.293
0,3723.308
0,3724.32
0,3725.331
0,3726.342
0,3727.355
0,3728.366
0,3729.377
0,3730.388
0,3731.398
0,3732.408
0,3733.42
0,3734.431
0,3735.442
0,3736.453
0,3737.463
0,3738.475
0,3739.486
0,3740.497
0,3741.508
0,3742.519
0,3743.53
0,3744.544
0,3745.555
0,3746.565
0,3747.577
0,3748.589
0,3749.6
0,3750.612
0,3751.623
0,3752.635
0,3753.646
0,3754.656
0,3755.666
0,3756.677
0,3757.685
0,3758.697
0,3759.708
0,3760.72
0,3761.731
0,3762.746
0,3763.756
0,3764.767
0,3765.777
0,3766.788
0,3767.797
0,3768.807
0,3769.819
0,3770.83
0,3771.841
0,3772.853
0,3773.864
0,3774.875
0,3775.888
0,3776.9
0,3777.91
0,3778.92
0,3779.929
0,3780.944
0,3781.952
0,3782.964
0,3783.976
0,3784.988
0,3786.002
0,3787.013
0,3788.023
0,3789.037
0,3790.049
0,3791.065
0,3792.077
0,3793.088
0,3794.099
0,3795.11
0,3796.12
0,3797.129
0,3798.141
0,3799.153
0,3800.163
0,3801.174
0,3802.187
0,3803.197
0,3804.208
0,3805.218
0,3806.231
0,3807.24
0,3808.252
0,3809.263
0,3810.275
0,3811.286
0,3812.296
0,3813.308
0,3814.32
0,3815.329
0,3816.342
0,3817.356
0,3818.367
0,3819.38
0,3820.391
0,3821.401
0,3822.411
0,3823.422
0,3824.432
0,3825.441
0,3826.452
0,3827.463
0,3828.477
0,3829.488
0,3830.499
0,3831.513
0,3832.526
0,3833.541
0,3834.554
0,3835.569
0,3836.581
0,3837.597
0,3838.607
0,3839.62
0,3840.63
0,3841.641
0,3842.652
0,3843.663
0,3844.677
0,3845.687
0,3846.698
0,3847.709
0,3848.719
0,3849.731
0,3850.742
0,3851.752
0,3852.763
0,3853.775
0,3854.786
0,3855.797
0,3856.809
0,3857.818
0,3858.831
0,3859.844
0,3860.856
0,3861.865
0,3862.875
0,3863.888
0,3864.898
0,3865.909
0,3866.92
0,3867.93
0,3868.94
0,3869.954
0,3870.965
0,3871.975
0,3872.988
0,3874
0,3875.01
